latitude,longitude,parameter,sample_duration,pollutant_standard,date_local,units_of_measure,observation_count,observation_percent,arithmetic_mean,first_max_value,first_max_hour,aqi,method,site_address,county,city,cbsa,date_of_last_change,location
39.021,-122.282,PM2.5 - Local Conditions,1 HOUR,,2020-09-01,Micrograms/cubic meter (LC),23,100.0,38.739,90.0,1,,Met One BAM-1020 Mass Monitor w/VSCC - Beta Attenuation,"CORTINA INDIAN RANCHERIA, SPRING VALLEY RD, WILLIAMS",Colusa,Cortina Indian Rancheria,,2020-09-16,"(39.021, -122.282)"
39.021,-122.282,PM2.5 - Local Conditions,1 HOUR,,2020-09-01,Micrograms/cubic meter (LC),24,100.0,41.167,97.0,0,,Met One BAM-1020 Mass Monitor w/VSCC - Beta Attenuation,"CORTINA INDIAN RANCHERIA, SPRING VALLEY RD, WILLIAMS",Colusa,Cortina Indian Rancheria,,2020-09-16,"(39.021, -122.282)"
39.021,-122.282,PM2.5 - Local Conditions,1 HOUR,,2020-09-01,Micrograms/cubic meter (LC),24,100.0,41.167,97.0,0,,Met One BAM-1020 Mass Monitor w/VSCC - Beta Attenuation,"CORTINA INDIAN RANCHERIA, SPRING VALLEY RD, WILLIAMS",Colusa,Cortina Indian Rancheria,,2020-09-16,"(39.021, -122.282)"
39.021,-122.282,PM2.5 - Local Conditions,24-HR BLK AVG,PM25 24-hour 2006,2020-09-01,Micrograms/cubic meter (LC),1,100.0,38.7,38.7,0,115.0,Met One BAM-1020 Mass Monitor w/VSCC - Beta Attenuation,"CORTINA INDIAN RANCHERIA, SPRING VALLEY RD, WILLIAMS",Colusa,Cortina Indian Rancheria,,2020-09-16,"(39.021, -122.282)"
39.021,-122.282,PM2.5 - Local Conditions,24-HR BLK AVG,PM25 Annual 2006,2020-09-01,Micrograms/cubic meter (LC),1,100.0,38.7,38.7,0,115.0,Met One BAM-1020 Mass Monitor w/VSCC - Beta Attenuation,"CORTINA INDIAN RANCHERIA, SPRING VALLEY RD, WILLIAMS",Colusa,Cortina Indian Rancheria,,2020-09-16,"(39.021, -122.282)"
39.021,-122.282,PM2.5 - Local Conditions,24-HR BLK AVG,PM25 24-hour 2012,2020-09-01,Micrograms/cubic meter (LC),1,100.0,38.7,38.7,0,115.0,Met One BAM-1020 Mass Monitor w/VSCC - Beta Attenuation,"CORTINA INDIAN RANCHERIA, SPRING VALLEY RD, WILLIAMS",Colusa,Cortina Indian Rancheria,,2020-09-16,"(39.021, -122.282)"
39.021,-122.282,PM2.5 - Local Conditions,24-HR BLK AVG,PM25 Annual 2012,2020-09-01,Micrograms/cubic meter (LC),1,100.0,38.7,38.7,0,115.0,Met One BAM-1020 Mass Monitor w/VSCC - Beta Attenuation,"CORTINA INDIAN RANCHERIA, SPRING VALLEY RD, WILLIAMS",Colusa,Cortina Indian Rancheria,,2020-09-16,"(39.021, -122.282)"
39.021,-122.282,PM2.5 - Local Conditions,24-HR BLK AVG,PM25 24-hour 2006,2020-09-01,Micrograms/cubic meter (LC),1,100.0,41.1,41.1,0,115.0,Met One BAM-1020 Mass Monitor w/VSCC - Beta Attenuation,"CORTINA INDIAN RANCHERIA, SPRING VALLEY RD, WILLIAMS",Colusa,Cortina Indian Rancheria,,2020-09-16,"(39.021, -122.282)"
39.021,-122.282,PM2.5 - Local Conditions,24-HR BLK AVG,PM25 Annual 2006,2020-09-01,Micrograms/cubic meter (LC),1,100.0,41.1,41.1,0,115.0,Met One BAM-1020 Mass Monitor w/VSCC - Beta Attenuation,"CORTINA INDIAN RANCHERIA, SPRING VALLEY RD, WILLIAMS",Colusa,Cortina Indian Rancheria,,2020-09-16,"(39.021, -122.282)"
39.021,-122.282,PM2.5 - Local Conditions,24-HR BLK AVG,PM25 24-hour 2012,2020-09-01,Micrograms/cubic meter (LC),1,100.0,41.1,41.1,0,115.0,Met One BAM-1020 Mass Monitor w/VSCC - Beta Attenuation,"CORTINA INDIAN RANCHERIA, SPRING VALLEY RD, WILLIAMS",Colusa,Cortina Indian Rancheria,,2020-09-16,"(39.021, -122.282)"
39.021,-122.282,PM2.5 - Local Conditions,24-HR BLK AVG,PM25 Annual 2012,2020-09-01,Micrograms/cubic meter (LC),1,100.0,41.1,41.1,0,115.0,Met One BAM-1020 Mass Monitor w/VSCC - Beta Attenuation,"CORTINA INDIAN RANCHERIA, SPRING VALLEY RD, WILLIAMS",Colusa,Cortina Indian Rancheria,,2020-09-16,"(39.021, -122.282)"
39.021,-122.282,PM2.5 - Local Conditions,24-HR BLK AVG,PM25 24-hour 2006,2020-09-01,Micrograms/cubic meter (LC),1,100.0,38.7,38.7,0,115.0,Met One BAM-1020 Mass Monitor w/VSCC - Beta Attenuation,"CORTINA INDIAN RANCHERIA, SPRING VALLEY RD, WILLIAMS",Colusa,Cortina Indian Rancheria,,2020-09-16,"(39.021, -122.282)"
39.021,-122.282,PM2.5 - Local Conditions,24-HR BLK AVG,PM25 Annual 2006,2020-09-01,Micrograms/cubic meter (LC),1,100.0,38.7,38.7,0,115.0,Met One BAM-1020 Mass Monitor w/VSCC - Beta Attenuation,"CORTINA INDIAN RANCHERIA, SPRING VALLEY RD, WILLIAMS",Colusa,Cortina Indian Rancheria,,2020-09-16,"(39.021, -122.282)"
39.021,-122.282,PM2.5 - Local Conditions,24-HR BLK AVG,PM25 24-hour 2012,2020-09-01,Micrograms/cubic meter (LC),1,100.0,38.7,38.7,0,115.0,Met One BAM-1020 Mass Monitor w/VSCC - Beta Attenuation,"CORTINA INDIAN RANCHERIA, SPRING VALLEY RD, WILLIAMS",Colusa,Cortina Indian Rancheria,,2020-09-16,"(39.021, -122.282)"
39.021,-122.282,PM2.5 - Local Conditions,24-HR BLK AVG,PM25 Annual 2012,2020-09-01,Micrograms/cubic meter (LC),1,100.0,38.7,38.7,0,115.0,Met One BAM-1020 Mass Monitor w/VSCC - Beta Attenuation,"CORTINA INDIAN RANCHERIA, SPRING VALLEY RD, WILLIAMS",Colusa,Cortina Indian Rancheria,,2020-09-16,"(39.021, -122.282)"
39.021,-122.282,PM2.5 - Local Conditions,1 HOUR,,2020-09-02,Micrograms/cubic meter (LC),23,100.0,24.174,46.0,12,,Met One BAM-1020 Mass Monitor w/VSCC - Beta Attenuation,"CORTINA INDIAN RANCHERIA, SPRING VALLEY RD, WILLIAMS",Colusa,Cortina Indian Rancheria,,2020-09-16,"(39.021, -122.282)"
39.021,-122.282,PM2.5 - Local Conditions,1 HOUR,,2020-09-02,Micrograms/cubic meter (LC),24,100.0,25.458,55.0,0,,Met One BAM-1020 Mass Monitor w/VSCC - Beta Attenuation,"CORTINA INDIAN RANCHERIA, SPRING VALLEY RD, WILLIAMS",Colusa,Cortina Indian Rancheria,,2020-09-16,"(39.021, -122.282)"
39.021,-122.282,PM2.5 - Local Conditions,1 HOUR,,2020-09-02,Micrograms/cubic meter (LC),24,100.0,25.458,55.0,0,,Met One BAM-1020 Mass Monitor w/VSCC - Beta Attenuation,"CORTINA INDIAN RANCHERIA, SPRING VALLEY RD, WILLIAMS",Colusa,Cortina Indian Rancheria,,2020-09-16,"(39.021, -122.282)"
39.021,-122.282,PM2.5 - Local Conditions,24-HR BLK AVG,PM25 24-hour 2006,2020-09-02,Micrograms/cubic meter (LC),1,100.0,24.1,24.1,0,79.0,Met One BAM-1020 Mass Monitor w/VSCC - Beta Attenuation,"CORTINA INDIAN RANCHERIA, SPRING VALLEY RD, WILLIAMS",Colusa,Cortina Indian Rancheria,,2020-09-16,"(39.021, -122.282)"
39.021,-122.282,PM2.5 - Local Conditions,24-HR BLK AVG,PM25 Annual 2006,2020-09-02,Micrograms/cubic meter (LC),1,100.0,24.1,24.1,0,79.0,Met One BAM-1020 Mass Monitor w/VSCC - Beta Attenuation,"CORTINA INDIAN RANCHERIA, SPRING VALLEY RD, WILLIAMS",Colusa,Cortina Indian Rancheria,,2020-09-16,"(39.021, -122.282)"
39.021,-122.282,PM2.5 - Local Conditions,24-HR BLK AVG,PM25 24-hour 2012,2020-09-02,Micrograms/cubic meter (LC),1,100.0,24.1,24.1,0,79.0,Met One BAM-1020 Mass Monitor w/VSCC - Beta Attenuation,"CORTINA INDIAN RANCHERIA, SPRING VALLEY RD, WILLIAMS",Colusa,Cortina Indian Rancheria,,2020-09-16,"(39.021, -122.282)"
39.021,-122.282,PM2.5 - Local Conditions,24-HR BLK AVG,PM25 Annual 2012,2020-09-02,Micrograms/cubic meter (LC),1,100.0,24.1,24.1,0,79.0,Met One BAM-1020 Mass Monitor w/VSCC - Beta Attenuation,"CORTINA INDIAN RANCHERIA, SPRING VALLEY RD, WILLIAMS",Colusa,Cortina Indian Rancheria,,2020-09-16,"(39.021, -122.282)"
39.021,-122.282,PM2.5 - Local Conditions,24-HR BLK AVG,PM25 24-hour 2006,2020-09-02,Micrograms/cubic meter (LC),1,100.0,25.4,25.4,0,79.0,Met One BAM-1020 Mass Monitor w/VSCC - Beta Attenuation,"CORTINA INDIAN RANCHERIA, SPRING VALLEY RD, WILLIAMS",Colusa,Cortina Indian Rancheria,,2020-09-16,"(39.021, -122.282)"
39.021,-122.282,PM2.5 - Local Conditions,24-HR BLK AVG,PM25 Annual 2006,2020-09-02,Micrograms/cubic meter (LC),1,100.0,25.4,25.4,0,79.0,Met One BAM-1020 Mass Monitor w/VSCC - Beta Attenuation,"CORTINA INDIAN RANCHERIA, SPRING VALLEY RD, WILLIAMS",Colusa,Cortina Indian Rancheria,,2020-09-16,"(39.021, -122.282)"
39.021,-122.282,PM2.5 - Local Conditions,24-HR BLK AVG,PM25 24-hour 2012,2020-09-02,Micrograms/cubic meter (LC),1,100.0,25.4,25.4,0,79.0,Met One BAM-1020 Mass Monitor w/VSCC - Beta Attenuation,"CORTINA INDIAN RANCHERIA, SPRING VALLEY RD, WILLIAMS",Colusa,Cortina Indian Rancheria,,2020-09-16,"(39.021, -122.282)"
39.021,-122.282,PM2.5 - Local Conditions,24-HR BLK AVG,PM25 Annual 2012,2020-09-02,Micrograms/cubic meter (LC),1,100.0,25.4,25.4,0,79.0,Met One BAM-1020 Mass Monitor w/VSCC - Beta Attenuation,"CORTINA INDIAN RANCHERIA, SPRING VALLEY RD, WILLIAMS",Colusa,Cortina Indian Rancheria,,2020-09-16,"(39.021, -122.282)"
39.021,-122.282,PM2.5 - Local Conditions,24-HR BLK AVG,PM25 24-hour 2006,2020-09-02,Micrograms/cubic meter (LC),1,100.0,24.1,24.1,0,79.0,Met One BAM-1020 Mass Monitor w/VSCC - Beta Attenuation,"CORTINA INDIAN RANCHERIA, SPRING VALLEY RD, WILLIAMS",Colusa,Cortina Indian Rancheria,,2020-09-16,"(39.021, -122.282)"
39.021,-122.282,PM2.5 - Local Conditions,24-HR BLK AVG,PM25 Annual 2006,2020-09-02,Micrograms/cubic meter (LC),1,100.0,24.1,24.1,0,79.0,Met One BAM-1020 Mass Monitor w/VSCC - Beta Attenuation,"CORTINA INDIAN RANCHERIA, SPRING VALLEY RD, WILLIAMS",Colusa,Cortina Indian Rancheria,,2020-09-16,"(39.021, -122.282)"
39.021,-122.282,PM2.5 - Local Conditions,24-HR BLK AVG,PM25 24-hour 2012,2020-09-02,Micrograms/cubic meter (LC),1,100.0,24.1,24.1,0,79.0,Met One BAM-1020 Mass Monitor w/VSCC - Beta Attenuation,"CORTINA INDIAN RANCHERIA, SPRING VALLEY RD, WILLIAMS",Colusa,Cortina Indian Rancheria,,2020-09-16,"(39.021, -122.282)"
39.021,-122.282,PM2.5 - Local Conditions,24-HR BLK AVG,PM25 Annual 2012,2020-09-02,Micrograms/cubic meter (LC),1,100.0,24.1,24.1,0,79.0,Met One BAM-1020 Mass Monitor w/VSCC - Beta Attenuation,"CORTINA INDIAN RANCHERIA, SPRING VALLEY RD, WILLIAMS",Colusa,Cortina Indian Rancheria,,2020-09-16,"(39.021, -122.282)"
39.021,-122.282,PM2.5 - Local Conditions,1 HOUR,,2020-09-03,Micrograms/cubic meter (LC),23,100.0,31.739,72.0,12,,Met One BAM-1020 Mass Monitor w/VSCC - Beta Attenuation,"CORTINA INDIAN RANCHERIA, SPRING VALLEY RD, WILLIAMS",Colusa,Cortina Indian Rancheria,,2020-09-16,"(39.021, -122.282)"
39.021,-122.282,PM2.5 - Local Conditions,1 HOUR,,2020-09-03,Micrograms/cubic meter (LC),24,100.0,31.208,72.0,12,,Met One BAM-1020 Mass Monitor w/VSCC - Beta Attenuation,"CORTINA INDIAN RANCHERIA, SPRING VALLEY RD, WILLIAMS",Colusa,Cortina Indian Rancheria,,2020-09-16,"(39.021, -122.282)"
39.021,-122.282,PM2.5 - Local Conditions,1 HOUR,,2020-09-03,Micrograms/cubic meter (LC),24,100.0,31.208,72.0,12,,Met One BAM-1020 Mass Monitor w/VSCC - Beta Attenuation,"CORTINA INDIAN RANCHERIA, SPRING VALLEY RD, WILLIAMS",Colusa,Cortina Indian Rancheria,,2020-09-16,"(39.021, -122.282)"
39.021,-122.282,PM2.5 - Local Conditions,24-HR BLK AVG,PM25 24-hour 2006,2020-09-03,Micrograms/cubic meter (LC),1,100.0,31.7,31.7,0,91.0,Met One BAM-1020 Mass Monitor w/VSCC - Beta Attenuation,"CORTINA INDIAN RANCHERIA, SPRING VALLEY RD, WILLIAMS",Colusa,Cortina Indian Rancheria,,2020-09-16,"(39.021, -122.282)"
39.021,-122.282,PM2.5 - Local Conditions,24-HR BLK AVG,PM25 Annual 2006,2020-09-03,Micrograms/cubic meter (LC),1,100.0,31.7,31.7,0,91.0,Met One BAM-1020 Mass Monitor w/VSCC - Beta Attenuation,"CORTINA INDIAN RANCHERIA, SPRING VALLEY RD, WILLIAMS",Colusa,Cortina Indian Rancheria,,2020-09-16,"(39.021, -122.282)"
39.021,-122.282,PM2.5 - Local Conditions,24-HR BLK AVG,PM25 24-hour 2012,2020-09-03,Micrograms/cubic meter (LC),1,100.0,31.7,31.7,0,91.0,Met One BAM-1020 Mass Monitor w/VSCC - Beta Attenuation,"CORTINA INDIAN RANCHERIA, SPRING VALLEY RD, WILLIAMS",Colusa,Cortina Indian Rancheria,,2020-09-16,"(39.021, -122.282)"
39.021,-122.282,PM2.5 - Local Conditions,24-HR BLK AVG,PM25 Annual 2012,2020-09-03,Micrograms/cubic meter (LC),1,100.0,31.7,31.7,0,91.0,Met One BAM-1020 Mass Monitor w/VSCC - Beta Attenuation,"CORTINA INDIAN RANCHERIA, SPRING VALLEY RD, WILLIAMS",Colusa,Cortina Indian Rancheria,,2020-09-16,"(39.021, -122.282)"
39.021,-122.282,PM2.5 - Local Conditions,24-HR BLK AVG,PM25 24-hour 2006,2020-09-03,Micrograms/cubic meter (LC),1,100.0,31.2,31.2,0,91.0,Met One BAM-1020 Mass Monitor w/VSCC - Beta Attenuation,"CORTINA INDIAN RANCHERIA, SPRING VALLEY RD, WILLIAMS",Colusa,Cortina Indian Rancheria,,2020-09-16,"(39.021, -122.282)"
39.021,-122.282,PM2.5 - Local Conditions,24-HR BLK AVG,PM25 Annual 2006,2020-09-03,Micrograms/cubic meter (LC),1,100.0,31.2,31.2,0,91.0,Met One BAM-1020 Mass Monitor w/VSCC - Beta Attenuation,"CORTINA INDIAN RANCHERIA, SPRING VALLEY RD, WILLIAMS",Colusa,Cortina Indian Rancheria,,2020-09-16,"(39.021, -122.282)"
39.021,-122.282,PM2.5 - Local Conditions,24-HR BLK AVG,PM25 24-hour 2012,2020-09-03,Micrograms/cubic meter (LC),1,100.0,31.2,31.2,0,91.0,Met One BAM-1020 Mass Monitor w/VSCC - Beta Attenuation,"CORTINA INDIAN RANCHERIA, SPRING VALLEY RD, WILLIAMS",Colusa,Cortina Indian Rancheria,,2020-09-16,"(39.021, -122.282)"
39.021,-122.282,PM2.5 - Local Conditions,24-HR BLK AVG,PM25 Annual 2012,2020-09-03,Micrograms/cubic meter (LC),1,100.0,31.2,31.2,0,91.0,Met One BAM-1020 Mass Monitor w/VSCC - Beta Attenuation,"CORTINA INDIAN RANCHERIA, SPRING VALLEY RD, WILLIAMS",Colusa,Cortina Indian Rancheria,,2020-09-16,"(39.021, -122.282)"
39.021,-122.282,PM2.5 - Local Conditions,24-HR BLK AVG,PM25 24-hour 2006,2020-09-03,Micrograms/cubic meter (LC),1,100.0,31.7,31.7,0,91.0,Met One BAM-1020 Mass Monitor w/VSCC - Beta Attenuation,"CORTINA INDIAN RANCHERIA, SPRING VALLEY RD, WILLIAMS",Colusa,Cortina Indian Rancheria,,2020-09-16,"(39.021, -122.282)"
39.021,-122.282,PM2.5 - Local Conditions,24-HR BLK AVG,PM25 Annual 2006,2020-09-03,Micrograms/cubic meter (LC),1,100.0,31.7,31.7,0,91.0,Met One BAM-1020 Mass Monitor w/VSCC - Beta Attenuation,"CORTINA INDIAN RANCHERIA, SPRING VALLEY RD, WILLIAMS",Colusa,Cortina Indian Rancheria,,2020-09-16,"(39.021, -122.282)"
39.021,-122.282,PM2.5 - Local Conditions,24-HR BLK AVG,PM25 24-hour 2012,2020-09-03,Micrograms/cubic meter (LC),1,100.0,31.7,31.7,0,91.0,Met One BAM-1020 Mass Monitor w/VSCC - Beta Attenuation,"CORTINA INDIAN RANCHERIA, SPRING VALLEY RD, WILLIAMS",Colusa,Cortina Indian Rancheria,,2020-09-16,"(39.021, -122.282)"
39.021,-122.282,PM2.5 - Local Conditions,24-HR BLK AVG,PM25 Annual 2012,2020-09-03,Micrograms/cubic meter (LC),1,100.0,31.7,31.7,0,91.0,Met One BAM-1020 Mass Monitor w/VSCC - Beta Attenuation,"CORTINA INDIAN RANCHERIA, SPRING VALLEY RD, WILLIAMS",Colusa,Cortina Indian Rancheria,,2020-09-16,"(39.021, -122.282)"
39.021,-122.282,PM2.5 - Local Conditions,1 HOUR,,2020-09-04,Micrograms/cubic meter (LC),23,100.0,26.696,54.0,11,,Met One BAM-1020 Mass Monitor w/VSCC - Beta Attenuation,"CORTINA INDIAN RANCHERIA, SPRING VALLEY RD, WILLIAMS",Colusa,Cortina Indian Rancheria,,2020-09-16,"(39.021, -122.282)"
39.021,-122.282,PM2.5 - Local Conditions,1 HOUR,,2020-09-04,Micrograms/cubic meter (LC),24,100.0,26.042,54.0,11,,Met One BAM-1020 Mass Monitor w/VSCC - Beta Attenuation,"CORTINA INDIAN RANCHERIA, SPRING VALLEY RD, WILLIAMS",Colusa,Cortina Indian Rancheria,,2020-09-16,"(39.021, -122.282)"
39.021,-122.282,PM2.5 - Local Conditions,1 HOUR,,2020-09-04,Micrograms/cubic meter (LC),24,100.0,26.042,54.0,11,,Met One BAM-1020 Mass Monitor w/VSCC - Beta Attenuation,"CORTINA INDIAN RANCHERIA, SPRING VALLEY RD, WILLIAMS",Colusa,Cortina Indian Rancheria,,2020-09-16,"(39.021, -122.282)"
39.021,-122.282,PM2.5 - Local Conditions,24-HR BLK AVG,PM25 24-hour 2006,2020-09-04,Micrograms/cubic meter (LC),1,100.0,26.6,26.6,0,80.0,Met One BAM-1020 Mass Monitor w/VSCC - Beta Attenuation,"CORTINA INDIAN RANCHERIA, SPRING VALLEY RD, WILLIAMS",Colusa,Cortina Indian Rancheria,,2020-09-16,"(39.021, -122.282)"
39.021,-122.282,PM2.5 - Local Conditions,24-HR BLK AVG,PM25 Annual 2006,2020-09-04,Micrograms/cubic meter (LC),1,100.0,26.6,26.6,0,80.0,Met One BAM-1020 Mass Monitor w/VSCC - Beta Attenuation,"CORTINA INDIAN RANCHERIA, SPRING VALLEY RD, WILLIAMS",Colusa,Cortina Indian Rancheria,,2020-09-16,"(39.021, -122.282)"
39.021,-122.282,PM2.5 - Local Conditions,24-HR BLK AVG,PM25 24-hour 2012,2020-09-04,Micrograms/cubic meter (LC),1,100.0,26.6,26.6,0,80.0,Met One BAM-1020 Mass Monitor w/VSCC - Beta Attenuation,"CORTINA INDIAN RANCHERIA, SPRING VALLEY RD, WILLIAMS",Colusa,Cortina Indian Rancheria,,2020-09-16,"(39.021, -122.282)"
39.021,-122.282,PM2.5 - Local Conditions,24-HR BLK AVG,PM25 Annual 2012,2020-09-04,Micrograms/cubic meter (LC),1,100.0,26.6,26.6,0,80.0,Met One BAM-1020 Mass Monitor w/VSCC - Beta Attenuation,"CORTINA INDIAN RANCHERIA, SPRING VALLEY RD, WILLIAMS",Colusa,Cortina Indian Rancheria,,2020-09-16,"(39.021, -122.282)"
39.021,-122.282,PM2.5 - Local Conditions,24-HR BLK AVG,PM25 24-hour 2006,2020-09-04,Micrograms/cubic meter (LC),1,100.0,26.0,26.0,0,80.0,Met One BAM-1020 Mass Monitor w/VSCC - Beta Attenuation,"CORTINA INDIAN RANCHERIA, SPRING VALLEY RD, WILLIAMS",Colusa,Cortina Indian Rancheria,,2020-09-16,"(39.021, -122.282)"
39.021,-122.282,PM2.5 - Local Conditions,24-HR BLK AVG,PM25 Annual 2006,2020-09-04,Micrograms/cubic meter (LC),1,100.0,26.0,26.0,0,80.0,Met One BAM-1020 Mass Monitor w/VSCC - Beta Attenuation,"CORTINA INDIAN RANCHERIA, SPRING VALLEY RD, WILLIAMS",Colusa,Cortina Indian Rancheria,,2020-09-16,"(39.021, -122.282)"
39.021,-122.282,PM2.5 - Local Conditions,24-HR BLK AVG,PM25 24-hour 2012,2020-09-04,Micrograms/cubic meter (LC),1,100.0,26.0,26.0,0,80.0,Met One BAM-1020 Mass Monitor w/VSCC - Beta Attenuation,"CORTINA INDIAN RANCHERIA, SPRING VALLEY RD, WILLIAMS",Colusa,Cortina Indian Rancheria,,2020-09-16,"(39.021, -122.282)"
39.021,-122.282,PM2.5 - Local Conditions,24-HR BLK AVG,PM25 Annual 2012,2020-09-04,Micrograms/cubic meter (LC),1,100.0,26.0,26.0,0,80.0,Met One BAM-1020 Mass Monitor w/VSCC - Beta Attenuation,"CORTINA INDIAN RANCHERIA, SPRING VALLEY RD, WILLIAMS",Colusa,Cortina Indian Rancheria,,2020-09-16,"(39.021, -122.282)"
39.021,-122.282,PM2.5 - Local Conditions,24-HR BLK AVG,PM25 24-hour 2006,2020-09-04,Micrograms/cubic meter (LC),1,100.0,26.6,26.6,0,80.0,Met One BAM-1020 Mass Monitor w/VSCC - Beta Attenuation,"CORTINA INDIAN RANCHERIA, SPRING VALLEY RD, WILLIAMS",Colusa,Cortina Indian Rancheria,,2020-09-16,"(39.021, -122.282)"
39.021,-122.282,PM2.5 - Local Conditions,24-HR BLK AVG,PM25 Annual 2006,2020-09-04,Micrograms/cubic meter (LC),1,100.0,26.6,26.6,0,80.0,Met One BAM-1020 Mass Monitor w/VSCC - Beta Attenuation,"CORTINA INDIAN RANCHERIA, SPRING VALLEY RD, WILLIAMS",Colusa,Cortina Indian Rancheria,,2020-09-16,"(39.021, -122.282)"
39.021,-122.282,PM2.5 - Local Conditions,24-HR BLK AVG,PM25 24-hour 2012,2020-09-04,Micrograms/cubic meter (LC),1,100.0,26.6,26.6,0,80.0,Met One BAM-1020 Mass Monitor w/VSCC - Beta Attenuation,"CORTINA INDIAN RANCHERIA, SPRING VALLEY RD, WILLIAMS",Colusa,Cortina Indian Rancheria,,2020-09-16,"(39.021, -122.282)"
39.021,-122.282,PM2.5 - Local Conditions,24-HR BLK AVG,PM25 Annual 2012,2020-09-04,Micrograms/cubic meter (LC),1,100.0,26.6,26.6,0,80.0,Met One BAM-1020 Mass Monitor w/VSCC - Beta Attenuation,"CORTINA INDIAN RANCHERIA, SPRING VALLEY RD, WILLIAMS",Colusa,Cortina Indian Rancheria,,2020-09-16,"(39.021, -122.282)"
39.021,-122.282,PM2.5 - Local Conditions,1 HOUR,,2020-09-05,Micrograms/cubic meter (LC),23,100.0,75.783,188.0,13,,Met One BAM-1020 Mass Monitor w/VSCC - Beta Attenuation,"CORTINA INDIAN RANCHERIA, SPRING VALLEY RD, WILLIAMS",Colusa,Cortina Indian Rancheria,,2020-09-16,"(39.021, -122.282)"
39.021,-122.282,PM2.5 - Local Conditions,1 HOUR,,2020-09-05,Micrograms/cubic meter (LC),24,100.0,73.583,188.0,13,,Met One BAM-1020 Mass Monitor w/VSCC - Beta Attenuation,"CORTINA INDIAN RANCHERIA, SPRING VALLEY RD, WILLIAMS",Colusa,Cortina Indian Rancheria,,2020-09-16,"(39.021, -122.282)"
39.021,-122.282,PM2.5 - Local Conditions,1 HOUR,,2020-09-05,Micrograms/cubic meter (LC),24,100.0,73.583,188.0,13,,Met One BAM-1020 Mass Monitor w/VSCC - Beta Attenuation,"CORTINA INDIAN RANCHERIA, SPRING VALLEY RD, WILLIAMS",Colusa,Cortina Indian Rancheria,,2020-09-16,"(39.021, -122.282)"
39.021,-122.282,PM2.5 - Local Conditions,24-HR BLK AVG,PM25 24-hour 2006,2020-09-05,Micrograms/cubic meter (LC),1,100.0,75.7,75.7,0,160.0,Met One BAM-1020 Mass Monitor w/VSCC - Beta Attenuation,"CORTINA INDIAN RANCHERIA, SPRING VALLEY RD, WILLIAMS",Colusa,Cortina Indian Rancheria,,2020-09-16,"(39.021, -122.282)"
39.021,-122.282,PM2.5 - Local Conditions,24-HR BLK AVG,PM25 Annual 2006,2020-09-05,Micrograms/cubic meter (LC),1,100.0,75.7,75.7,0,160.0,Met One BAM-1020 Mass Monitor w/VSCC - Beta Attenuation,"CORTINA INDIAN RANCHERIA, SPRING VALLEY RD, WILLIAMS",Colusa,Cortina Indian Rancheria,,2020-09-16,"(39.021, -122.282)"
39.021,-122.282,PM2.5 - Local Conditions,24-HR BLK AVG,PM25 24-hour 2012,2020-09-05,Micrograms/cubic meter (LC),1,100.0,75.7,75.7,0,160.0,Met One BAM-1020 Mass Monitor w/VSCC - Beta Attenuation,"CORTINA INDIAN RANCHERIA, SPRING VALLEY RD, WILLIAMS",Colusa,Cortina Indian Rancheria,,2020-09-16,"(39.021, -122.282)"
39.021,-122.282,PM2.5 - Local Conditions,24-HR BLK AVG,PM25 Annual 2012,2020-09-05,Micrograms/cubic meter (LC),1,100.0,75.7,75.7,0,160.0,Met One BAM-1020 Mass Monitor w/VSCC - Beta Attenuation,"CORTINA INDIAN RANCHERIA, SPRING VALLEY RD, WILLIAMS",Colusa,Cortina Indian Rancheria,,2020-09-16,"(39.021, -122.282)"
39.021,-122.282,PM2.5 - Local Conditions,24-HR BLK AVG,PM25 24-hour 2006,2020-09-05,Micrograms/cubic meter (LC),1,100.0,73.5,73.5,0,160.0,Met One BAM-1020 Mass Monitor w/VSCC - Beta Attenuation,"CORTINA INDIAN RANCHERIA, SPRING VALLEY RD, WILLIAMS",Colusa,Cortina Indian Rancheria,,2020-09-16,"(39.021, -122.282)"
39.021,-122.282,PM2.5 - Local Conditions,24-HR BLK AVG,PM25 Annual 2006,2020-09-05,Micrograms/cubic meter (LC),1,100.0,73.5,73.5,0,160.0,Met One BAM-1020 Mass Monitor w/VSCC - Beta Attenuation,"CORTINA INDIAN RANCHERIA, SPRING VALLEY RD, WILLIAMS",Colusa,Cortina Indian Rancheria,,2020-09-16,"(39.021, -122.282)"
39.021,-122.282,PM2.5 - Local Conditions,24-HR BLK AVG,PM25 24-hour 2012,2020-09-05,Micrograms/cubic meter (LC),1,100.0,73.5,73.5,0,160.0,Met One BAM-1020 Mass Monitor w/VSCC - Beta Attenuation,"CORTINA INDIAN RANCHERIA, SPRING VALLEY RD, WILLIAMS",Colusa,Cortina Indian Rancheria,,2020-09-16,"(39.021, -122.282)"
39.021,-122.282,PM2.5 - Local Conditions,24-HR BLK AVG,PM25 Annual 2012,2020-09-05,Micrograms/cubic meter (LC),1,100.0,73.5,73.5,0,160.0,Met One BAM-1020 Mass Monitor w/VSCC - Beta Attenuation,"CORTINA INDIAN RANCHERIA, SPRING VALLEY RD, WILLIAMS",Colusa,Cortina Indian Rancheria,,2020-09-16,"(39.021, -122.282)"
39.021,-122.282,PM2.5 - Local Conditions,24-HR BLK AVG,PM25 24-hour 2006,2020-09-05,Micrograms/cubic meter (LC),1,100.0,75.7,75.7,0,160.0,Met One BAM-1020 Mass Monitor w/VSCC - Beta Attenuation,"CORTINA INDIAN RANCHERIA, SPRING VALLEY RD, WILLIAMS",Colusa,Cortina Indian Rancheria,,2020-09-16,"(39.021, -122.282)"
39.021,-122.282,PM2.5 - Local Conditions,24-HR BLK AVG,PM25 Annual 2006,2020-09-05,Micrograms/cubic meter (LC),1,100.0,75.7,75.7,0,160.0,Met One BAM-1020 Mass Monitor w/VSCC - Beta Attenuation,"CORTINA INDIAN RANCHERIA, SPRING VALLEY RD, WILLIAMS",Colusa,Cortina Indian Rancheria,,2020-09-16,"(39.021, -122.282)"
39.021,-122.282,PM2.5 - Local Conditions,24-HR BLK AVG,PM25 24-hour 2012,2020-09-05,Micrograms/cubic meter (LC),1,100.0,75.7,75.7,0,160.0,Met One BAM-1020 Mass Monitor w/VSCC - Beta Attenuation,"CORTINA INDIAN RANCHERIA, SPRING VALLEY RD, WILLIAMS",Colusa,Cortina Indian Rancheria,,2020-09-16,"(39.021, -122.282)"
39.021,-122.282,PM2.5 - Local Conditions,24-HR BLK AVG,PM25 Annual 2012,2020-09-05,Micrograms/cubic meter (LC),1,100.0,75.7,75.7,0,160.0,Met One BAM-1020 Mass Monitor w/VSCC - Beta Attenuation,"CORTINA INDIAN RANCHERIA, SPRING VALLEY RD, WILLIAMS",Colusa,Cortina Indian Rancheria,,2020-09-16,"(39.021, -122.282)"
39.021,-122.282,PM2.5 - Local Conditions,1 HOUR,,2020-09-06,Micrograms/cubic meter (LC),23,100.0,122.261,302.0,11,,Met One BAM-1020 Mass Monitor w/VSCC - Beta Attenuation,"CORTINA INDIAN RANCHERIA, SPRING VALLEY RD, WILLIAMS",Colusa,Cortina Indian Rancheria,,2020-09-16,"(39.021, -122.282)"
39.021,-122.282,PM2.5 - Local Conditions,1 HOUR,,2020-09-06,Micrograms/cubic meter (LC),24,100.0,119.0,302.0,11,,Met One BAM-1020 Mass Monitor w/VSCC - Beta Attenuation,"CORTINA INDIAN RANCHERIA, SPRING VALLEY RD, WILLIAMS",Colusa,Cortina Indian Rancheria,,2020-09-16,"(39.021, -122.282)"
39.021,-122.282,PM2.5 - Local Conditions,1 HOUR,,2020-09-06,Micrograms/cubic meter (LC),24,100.0,119.0,302.0,11,,Met One BAM-1020 Mass Monitor w/VSCC - Beta Attenuation,"CORTINA INDIAN RANCHERIA, SPRING VALLEY RD, WILLIAMS",Colusa,Cortina Indian Rancheria,,2020-09-16,"(39.021, -122.282)"
39.021,-122.282,PM2.5 - Local Conditions,24-HR BLK AVG,PM25 24-hour 2006,2020-09-06,Micrograms/cubic meter (LC),1,100.0,122.2,122.2,0,184.0,Met One BAM-1020 Mass Monitor w/VSCC - Beta Attenuation,"CORTINA INDIAN RANCHERIA, SPRING VALLEY RD, WILLIAMS",Colusa,Cortina Indian Rancheria,,2020-09-16,"(39.021, -122.282)"
39.021,-122.282,PM2.5 - Local Conditions,24-HR BLK AVG,PM25 Annual 2006,2020-09-06,Micrograms/cubic meter (LC),1,100.0,122.2,122.2,0,184.0,Met One BAM-1020 Mass Monitor w/VSCC - Beta Attenuation,"CORTINA INDIAN RANCHERIA, SPRING VALLEY RD, WILLIAMS",Colusa,Cortina Indian Rancheria,,2020-09-16,"(39.021, -122.282)"
39.021,-122.282,PM2.5 - Local Conditions,24-HR BLK AVG,PM25 24-hour 2012,2020-09-06,Micrograms/cubic meter (LC),1,100.0,122.2,122.2,0,184.0,Met One BAM-1020 Mass Monitor w/VSCC - Beta Attenuation,"CORTINA INDIAN RANCHERIA, SPRING VALLEY RD, WILLIAMS",Colusa,Cortina Indian Rancheria,,2020-09-16,"(39.021, -122.282)"
39.021,-122.282,PM2.5 - Local Conditions,24-HR BLK AVG,PM25 Annual 2012,2020-09-06,Micrograms/cubic meter (LC),1,100.0,122.2,122.2,0,184.0,Met One BAM-1020 Mass Monitor w/VSCC - Beta Attenuation,"CORTINA INDIAN RANCHERIA, SPRING VALLEY RD, WILLIAMS",Colusa,Cortina Indian Rancheria,,2020-09-16,"(39.021, -122.282)"
39.021,-122.282,PM2.5 - Local Conditions,24-HR BLK AVG,PM25 24-hour 2006,2020-09-06,Micrograms/cubic meter (LC),1,100.0,119.0,119.0,0,184.0,Met One BAM-1020 Mass Monitor w/VSCC - Beta Attenuation,"CORTINA INDIAN RANCHERIA, SPRING VALLEY RD, WILLIAMS",Colusa,Cortina Indian Rancheria,,2020-09-16,"(39.021, -122.282)"
39.021,-122.282,PM2.5 - Local Conditions,24-HR BLK AVG,PM25 Annual 2006,2020-09-06,Micrograms/cubic meter (LC),1,100.0,119.0,119.0,0,184.0,Met One BAM-1020 Mass Monitor w/VSCC - Beta Attenuation,"CORTINA INDIAN RANCHERIA, SPRING VALLEY RD, WILLIAMS",Colusa,Cortina Indian Rancheria,,2020-09-16,"(39.021, -122.282)"
39.021,-122.282,PM2.5 - Local Conditions,24-HR BLK AVG,PM25 24-hour 2012,2020-09-06,Micrograms/cubic meter (LC),1,100.0,119.0,119.0,0,184.0,Met One BAM-1020 Mass Monitor w/VSCC - Beta Attenuation,"CORTINA INDIAN RANCHERIA, SPRING VALLEY RD, WILLIAMS",Colusa,Cortina Indian Rancheria,,2020-09-16,"(39.021, -122.282)"
39.021,-122.282,PM2.5 - Local Conditions,24-HR BLK AVG,PM25 Annual 2012,2020-09-06,Micrograms/cubic meter (LC),1,100.0,119.0,119.0,0,184.0,Met One BAM-1020 Mass Monitor w/VSCC - Beta Attenuation,"CORTINA INDIAN RANCHERIA, SPRING VALLEY RD, WILLIAMS",Colusa,Cortina Indian Rancheria,,2020-09-16,"(39.021, -122.282)"
39.021,-122.282,PM2.5 - Local Conditions,24-HR BLK AVG,PM25 24-hour 2006,2020-09-06,Micrograms/cubic meter (LC),1,100.0,122.2,122.2,0,184.0,Met One BAM-1020 Mass Monitor w/VSCC - Beta Attenuation,"CORTINA INDIAN RANCHERIA, SPRING VALLEY RD, WILLIAMS",Colusa,Cortina Indian Rancheria,,2020-09-16,"(39.021, -122.282)"
39.021,-122.282,PM2.5 - Local Conditions,24-HR BLK AVG,PM25 Annual 2006,2020-09-06,Micrograms/cubic meter (LC),1,100.0,122.2,122.2,0,184.0,Met One BAM-1020 Mass Monitor w/VSCC - Beta Attenuation,"CORTINA INDIAN RANCHERIA, SPRING VALLEY RD, WILLIAMS",Colusa,Cortina Indian Rancheria,,2020-09-16,"(39.021, -122.282)"
39.021,-122.282,PM2.5 - Local Conditions,24-HR BLK AVG,PM25 24-hour 2012,2020-09-06,Micrograms/cubic meter (LC),1,100.0,122.2,122.2,0,184.0,Met One BAM-1020 Mass Monitor w/VSCC - Beta Attenuation,"CORTINA INDIAN RANCHERIA, SPRING VALLEY RD, WILLIAMS",Colusa,Cortina Indian Rancheria,,2020-09-16,"(39.021, -122.282)"
39.021,-122.282,PM2.5 - Local Conditions,24-HR BLK AVG,PM25 Annual 2012,2020-09-06,Micrograms/cubic meter (LC),1,100.0,122.2,122.2,0,184.0,Met One BAM-1020 Mass Monitor w/VSCC - Beta Attenuation,"CORTINA INDIAN RANCHERIA, SPRING VALLEY RD, WILLIAMS",Colusa,Cortina Indian Rancheria,,2020-09-16,"(39.021, -122.282)"
39.021,-122.282,PM2.5 - Local Conditions,1 HOUR,,2020-09-07,Micrograms/cubic meter (LC),23,100.0,84.739,168.0,13,,Met One BAM-1020 Mass Monitor w/VSCC - Beta Attenuation,"CORTINA INDIAN RANCHERIA, SPRING VALLEY RD, WILLIAMS",Colusa,Cortina Indian Rancheria,,2020-09-16,"(39.021, -122.282)"
39.021,-122.282,PM2.5 - Local Conditions,1 HOUR,,2020-09-07,Micrograms/cubic meter (LC),24,100.0,82.667,168.0,13,,Met One BAM-1020 Mass Monitor w/VSCC - Beta Attenuation,"CORTINA INDIAN RANCHERIA, SPRING VALLEY RD, WILLIAMS",Colusa,Cortina Indian Rancheria,,2020-09-16,"(39.021, -122.282)"
39.021,-122.282,PM2.5 - Local Conditions,1 HOUR,,2020-09-07,Micrograms/cubic meter (LC),24,100.0,82.667,168.0,13,,Met One BAM-1020 Mass Monitor w/VSCC - Beta Attenuation,"CORTINA INDIAN RANCHERIA, SPRING VALLEY RD, WILLIAMS",Colusa,Cortina Indian Rancheria,,2020-09-16,"(39.021, -122.282)"
39.021,-122.282,PM2.5 - Local Conditions,24-HR BLK AVG,PM25 24-hour 2006,2020-09-07,Micrograms/cubic meter (LC),1,100.0,84.7,84.7,0,165.0,Met One BAM-1020 Mass Monitor w/VSCC - Beta Attenuation,"CORTINA INDIAN RANCHERIA, SPRING VALLEY RD, WILLIAMS",Colusa,Cortina Indian Rancheria,,2020-09-16,"(39.021, -122.282)"
39.021,-122.282,PM2.5 - Local Conditions,24-HR BLK AVG,PM25 Annual 2006,2020-09-07,Micrograms/cubic meter (LC),1,100.0,84.7,84.7,0,165.0,Met One BAM-1020 Mass Monitor w/VSCC - Beta Attenuation,"CORTINA INDIAN RANCHERIA, SPRING VALLEY RD, WILLIAMS",Colusa,Cortina Indian Rancheria,,2020-09-16,"(39.021, -122.282)"
39.021,-122.282,PM2.5 - Local Conditions,24-HR BLK AVG,PM25 24-hour 2012,2020-09-07,Micrograms/cubic meter (LC),1,100.0,84.7,84.7,0,165.0,Met One BAM-1020 Mass Monitor w/VSCC - Beta Attenuation,"CORTINA INDIAN RANCHERIA, SPRING VALLEY RD, WILLIAMS",Colusa,Cortina Indian Rancheria,,2020-09-16,"(39.021, -122.282)"
39.021,-122.282,PM2.5 - Local Conditions,24-HR BLK AVG,PM25 Annual 2012,2020-09-07,Micrograms/cubic meter (LC),1,100.0,84.7,84.7,0,165.0,Met One BAM-1020 Mass Monitor w/VSCC - Beta Attenuation,"CORTINA INDIAN RANCHERIA, SPRING VALLEY RD, WILLIAMS",Colusa,Cortina Indian Rancheria,,2020-09-16,"(39.021, -122.282)"
39.021,-122.282,PM2.5 - Local Conditions,24-HR BLK AVG,PM25 24-hour 2006,2020-09-07,Micrograms/cubic meter (LC),1,100.0,82.6,82.6,0,165.0,Met One BAM-1020 Mass Monitor w/VSCC - Beta Attenuation,"CORTINA INDIAN RANCHERIA, SPRING VALLEY RD, WILLIAMS",Colusa,Cortina Indian Rancheria,,2020-09-16,"(39.021, -122.282)"
39.021,-122.282,PM2.5 - Local Conditions,24-HR BLK AVG,PM25 Annual 2006,2020-09-07,Micrograms/cubic meter (LC),1,100.0,82.6,82.6,0,165.0,Met One BAM-1020 Mass Monitor w/VSCC - Beta Attenuation,"CORTINA INDIAN RANCHERIA, SPRING VALLEY RD, WILLIAMS",Colusa,Cortina Indian Rancheria,,2020-09-16,"(39.021, -122.282)"
39.021,-122.282,PM2.5 - Local Conditions,24-HR BLK AVG,PM25 24-hour 2012,2020-09-07,Micrograms/cubic meter (LC),1,100.0,82.6,82.6,0,165.0,Met One BAM-1020 Mass Monitor w/VSCC - Beta Attenuation,"CORTINA INDIAN RANCHERIA, SPRING VALLEY RD, WILLIAMS",Colusa,Cortina Indian Rancheria,,2020-09-16,"(39.021, -122.282)"
39.021,-122.282,PM2.5 - Local Conditions,24-HR BLK AVG,PM25 Annual 2012,2020-09-07,Micrograms/cubic meter (LC),1,100.0,82.6,82.6,0,165.0,Met One BAM-1020 Mass Monitor w/VSCC - Beta Attenuation,"CORTINA INDIAN RANCHERIA, SPRING VALLEY RD, WILLIAMS",Colusa,Cortina Indian Rancheria,,2020-09-16,"(39.021, -122.282)"
39.021,-122.282,PM2.5 - Local Conditions,24-HR BLK AVG,PM25 24-hour 2006,2020-09-07,Micrograms/cubic meter (LC),1,100.0,84.7,84.7,0,165.0,Met One BAM-1020 Mass Monitor w/VSCC - Beta Attenuation,"CORTINA INDIAN RANCHERIA, SPRING VALLEY RD, WILLIAMS",Colusa,Cortina Indian Rancheria,,2020-09-16,"(39.021, -122.282)"
39.021,-122.282,PM2.5 - Local Conditions,24-HR BLK AVG,PM25 Annual 2006,2020-09-07,Micrograms/cubic meter (LC),1,100.0,84.7,84.7,0,165.0,Met One BAM-1020 Mass Monitor w/VSCC - Beta Attenuation,"CORTINA INDIAN RANCHERIA, SPRING VALLEY RD, WILLIAMS",Colusa,Cortina Indian Rancheria,,2020-09-16,"(39.021, -122.282)"
39.021,-122.282,PM2.5 - Local Conditions,24-HR BLK AVG,PM25 24-hour 2012,2020-09-07,Micrograms/cubic meter (LC),1,100.0,84.7,84.7,0,165.0,Met One BAM-1020 Mass Monitor w/VSCC - Beta Attenuation,"CORTINA INDIAN RANCHERIA, SPRING VALLEY RD, WILLIAMS",Colusa,Cortina Indian Rancheria,,2020-09-16,"(39.021, -122.282)"
39.021,-122.282,PM2.5 - Local Conditions,24-HR BLK AVG,PM25 Annual 2012,2020-09-07,Micrograms/cubic meter (LC),1,100.0,84.7,84.7,0,165.0,Met One BAM-1020 Mass Monitor w/VSCC - Beta Attenuation,"CORTINA INDIAN RANCHERIA, SPRING VALLEY RD, WILLIAMS",Colusa,Cortina Indian Rancheria,,2020-09-16,"(39.021, -122.282)"
39.021,-122.282,PM2.5 - Local Conditions,1 HOUR,,2020-09-08,Micrograms/cubic meter (LC),23,100.0,46.739,108.0,4,,Met One BAM-1020 Mass Monitor w/VSCC - Beta Attenuation,"CORTINA INDIAN RANCHERIA, SPRING VALLEY RD, WILLIAMS",Colusa,Cortina Indian Rancheria,,2020-09-16,"(39.021, -122.282)"
39.021,-122.282,PM2.5 - Local Conditions,1 HOUR,,2020-09-08,Micrograms/cubic meter (LC),24,100.0,47.708,108.0,4,,Met One BAM-1020 Mass Monitor w/VSCC - Beta Attenuation,"CORTINA INDIAN RANCHERIA, SPRING VALLEY RD, WILLIAMS",Colusa,Cortina Indian Rancheria,,2020-09-16,"(39.021, -122.282)"
39.021,-122.282,PM2.5 - Local Conditions,1 HOUR,,2020-09-08,Micrograms/cubic meter (LC),24,100.0,47.708,108.0,4,,Met One BAM-1020 Mass Monitor w/VSCC - Beta Attenuation,"CORTINA INDIAN RANCHERIA, SPRING VALLEY RD, WILLIAMS",Colusa,Cortina Indian Rancheria,,2020-09-16,"(39.021, -122.282)"
39.021,-122.282,PM2.5 - Local Conditions,24-HR BLK AVG,PM25 24-hour 2006,2020-09-08,Micrograms/cubic meter (LC),1,100.0,46.7,46.7,0,131.0,Met One BAM-1020 Mass Monitor w/VSCC - Beta Attenuation,"CORTINA INDIAN RANCHERIA, SPRING VALLEY RD, WILLIAMS",Colusa,Cortina Indian Rancheria,,2020-09-16,"(39.021, -122.282)"
39.021,-122.282,PM2.5 - Local Conditions,24-HR BLK AVG,PM25 Annual 2006,2020-09-08,Micrograms/cubic meter (LC),1,100.0,46.7,46.7,0,131.0,Met One BAM-1020 Mass Monitor w/VSCC - Beta Attenuation,"CORTINA INDIAN RANCHERIA, SPRING VALLEY RD, WILLIAMS",Colusa,Cortina Indian Rancheria,,2020-09-16,"(39.021, -122.282)"
39.021,-122.282,PM2.5 - Local Conditions,24-HR BLK AVG,PM25 24-hour 2012,2020-09-08,Micrograms/cubic meter (LC),1,100.0,46.7,46.7,0,131.0,Met One BAM-1020 Mass Monitor w/VSCC - Beta Attenuation,"CORTINA INDIAN RANCHERIA, SPRING VALLEY RD, WILLIAMS",Colusa,Cortina Indian Rancheria,,2020-09-16,"(39.021, -122.282)"
39.021,-122.282,PM2.5 - Local Conditions,24-HR BLK AVG,PM25 Annual 2012,2020-09-08,Micrograms/cubic meter (LC),1,100.0,46.7,46.7,0,131.0,Met One BAM-1020 Mass Monitor w/VSCC - Beta Attenuation,"CORTINA INDIAN RANCHERIA, SPRING VALLEY RD, WILLIAMS",Colusa,Cortina Indian Rancheria,,2020-09-16,"(39.021, -122.282)"
39.021,-122.282,PM2.5 - Local Conditions,24-HR BLK AVG,PM25 24-hour 2006,2020-09-08,Micrograms/cubic meter (LC),1,100.0,47.7,47.7,0,131.0,Met One BAM-1020 Mass Monitor w/VSCC - Beta Attenuation,"CORTINA INDIAN RANCHERIA, SPRING VALLEY RD, WILLIAMS",Colusa,Cortina Indian Rancheria,,2020-09-16,"(39.021, -122.282)"
39.021,-122.282,PM2.5 - Local Conditions,24-HR BLK AVG,PM25 Annual 2006,2020-09-08,Micrograms/cubic meter (LC),1,100.0,47.7,47.7,0,131.0,Met One BAM-1020 Mass Monitor w/VSCC - Beta Attenuation,"CORTINA INDIAN RANCHERIA, SPRING VALLEY RD, WILLIAMS",Colusa,Cortina Indian Rancheria,,2020-09-16,"(39.021, -122.282)"
39.021,-122.282,PM2.5 - Local Conditions,24-HR BLK AVG,PM25 24-hour 2012,2020-09-08,Micrograms/cubic meter (LC),1,100.0,47.7,47.7,0,131.0,Met One BAM-1020 Mass Monitor w/VSCC - Beta Attenuation,"CORTINA INDIAN RANCHERIA, SPRING VALLEY RD, WILLIAMS",Colusa,Cortina Indian Rancheria,,2020-09-16,"(39.021, -122.282)"
39.021,-122.282,PM2.5 - Local Conditions,24-HR BLK AVG,PM25 Annual 2012,2020-09-08,Micrograms/cubic meter (LC),1,100.0,47.7,47.7,0,131.0,Met One BAM-1020 Mass Monitor w/VSCC - Beta Attenuation,"CORTINA INDIAN RANCHERIA, SPRING VALLEY RD, WILLIAMS",Colusa,Cortina Indian Rancheria,,2020-09-16,"(39.021, -122.282)"
39.021,-122.282,PM2.5 - Local Conditions,24-HR BLK AVG,PM25 24-hour 2006,2020-09-08,Micrograms/cubic meter (LC),1,100.0,46.7,46.7,0,131.0,Met One BAM-1020 Mass Monitor w/VSCC - Beta Attenuation,"CORTINA INDIAN RANCHERIA, SPRING VALLEY RD, WILLIAMS",Colusa,Cortina Indian Rancheria,,2020-09-16,"(39.021, -122.282)"
39.021,-122.282,PM2.5 - Local Conditions,24-HR BLK AVG,PM25 Annual 2006,2020-09-08,Micrograms/cubic meter (LC),1,100.0,46.7,46.7,0,131.0,Met One BAM-1020 Mass Monitor w/VSCC - Beta Attenuation,"CORTINA INDIAN RANCHERIA, SPRING VALLEY RD, WILLIAMS",Colusa,Cortina Indian Rancheria,,2020-09-16,"(39.021, -122.282)"
39.021,-122.282,PM2.5 - Local Conditions,24-HR BLK AVG,PM25 24-hour 2012,2020-09-08,Micrograms/cubic meter (LC),1,100.0,46.7,46.7,0,131.0,Met One BAM-1020 Mass Monitor w/VSCC - Beta Attenuation,"CORTINA INDIAN RANCHERIA, SPRING VALLEY RD, WILLIAMS",Colusa,Cortina Indian Rancheria,,2020-09-16,"(39.021, -122.282)"
39.021,-122.282,PM2.5 - Local Conditions,24-HR BLK AVG,PM25 Annual 2012,2020-09-08,Micrograms/cubic meter (LC),1,100.0,46.7,46.7,0,131.0,Met One BAM-1020 Mass Monitor w/VSCC - Beta Attenuation,"CORTINA INDIAN RANCHERIA, SPRING VALLEY RD, WILLIAMS",Colusa,Cortina Indian Rancheria,,2020-09-16,"(39.021, -122.282)"
39.021,-122.282,PM2.5 - Local Conditions,1 HOUR,,2020-09-09,Micrograms/cubic meter (LC),23,100.0,19.304,48.0,20,,Met One BAM-1020 Mass Monitor w/VSCC - Beta Attenuation,"CORTINA INDIAN RANCHERIA, SPRING VALLEY RD, WILLIAMS",Colusa,Cortina Indian Rancheria,,2020-09-16,"(39.021, -122.282)"
39.021,-122.282,PM2.5 - Local Conditions,1 HOUR,,2020-09-09,Micrograms/cubic meter (LC),24,100.0,18.792,48.0,20,,Met One BAM-1020 Mass Monitor w/VSCC - Beta Attenuation,"CORTINA INDIAN RANCHERIA, SPRING VALLEY RD, WILLIAMS",Colusa,Cortina Indian Rancheria,,2020-09-16,"(39.021, -122.282)"
39.021,-122.282,PM2.5 - Local Conditions,1 HOUR,,2020-09-09,Micrograms/cubic meter (LC),24,100.0,18.792,48.0,20,,Met One BAM-1020 Mass Monitor w/VSCC - Beta Attenuation,"CORTINA INDIAN RANCHERIA, SPRING VALLEY RD, WILLIAMS",Colusa,Cortina Indian Rancheria,,2020-09-16,"(39.021, -122.282)"
39.021,-122.282,PM2.5 - Local Conditions,24-HR BLK AVG,PM25 24-hour 2006,2020-09-09,Micrograms/cubic meter (LC),1,100.0,19.3,19.3,0,65.0,Met One BAM-1020 Mass Monitor w/VSCC - Beta Attenuation,"CORTINA INDIAN RANCHERIA, SPRING VALLEY RD, WILLIAMS",Colusa,Cortina Indian Rancheria,,2020-09-16,"(39.021, -122.282)"
39.021,-122.282,PM2.5 - Local Conditions,24-HR BLK AVG,PM25 Annual 2006,2020-09-09,Micrograms/cubic meter (LC),1,100.0,19.3,19.3,0,65.0,Met One BAM-1020 Mass Monitor w/VSCC - Beta Attenuation,"CORTINA INDIAN RANCHERIA, SPRING VALLEY RD, WILLIAMS",Colusa,Cortina Indian Rancheria,,2020-09-16,"(39.021, -122.282)"
39.021,-122.282,PM2.5 - Local Conditions,24-HR BLK AVG,PM25 24-hour 2012,2020-09-09,Micrograms/cubic meter (LC),1,100.0,19.3,19.3,0,65.0,Met One BAM-1020 Mass Monitor w/VSCC - Beta Attenuation,"CORTINA INDIAN RANCHERIA, SPRING VALLEY RD, WILLIAMS",Colusa,Cortina Indian Rancheria,,2020-09-16,"(39.021, -122.282)"
39.021,-122.282,PM2.5 - Local Conditions,24-HR BLK AVG,PM25 Annual 2012,2020-09-09,Micrograms/cubic meter (LC),1,100.0,19.3,19.3,0,65.0,Met One BAM-1020 Mass Monitor w/VSCC - Beta Attenuation,"CORTINA INDIAN RANCHERIA, SPRING VALLEY RD, WILLIAMS",Colusa,Cortina Indian Rancheria,,2020-09-16,"(39.021, -122.282)"
39.021,-122.282,PM2.5 - Local Conditions,24-HR BLK AVG,PM25 24-hour 2006,2020-09-09,Micrograms/cubic meter (LC),1,100.0,18.7,18.7,0,65.0,Met One BAM-1020 Mass Monitor w/VSCC - Beta Attenuation,"CORTINA INDIAN RANCHERIA, SPRING VALLEY RD, WILLIAMS",Colusa,Cortina Indian Rancheria,,2020-09-16,"(39.021, -122.282)"
39.021,-122.282,PM2.5 - Local Conditions,24-HR BLK AVG,PM25 Annual 2006,2020-09-09,Micrograms/cubic meter (LC),1,100.0,18.7,18.7,0,65.0,Met One BAM-1020 Mass Monitor w/VSCC - Beta Attenuation,"CORTINA INDIAN RANCHERIA, SPRING VALLEY RD, WILLIAMS",Colusa,Cortina Indian Rancheria,,2020-09-16,"(39.021, -122.282)"
39.021,-122.282,PM2.5 - Local Conditions,24-HR BLK AVG,PM25 24-hour 2012,2020-09-09,Micrograms/cubic meter (LC),1,100.0,18.7,18.7,0,65.0,Met One BAM-1020 Mass Monitor w/VSCC - Beta Attenuation,"CORTINA INDIAN RANCHERIA, SPRING VALLEY RD, WILLIAMS",Colusa,Cortina Indian Rancheria,,2020-09-16,"(39.021, -122.282)"
39.021,-122.282,PM2.5 - Local Conditions,24-HR BLK AVG,PM25 Annual 2012,2020-09-09,Micrograms/cubic meter (LC),1,100.0,18.7,18.7,0,65.0,Met One BAM-1020 Mass Monitor w/VSCC - Beta Attenuation,"CORTINA INDIAN RANCHERIA, SPRING VALLEY RD, WILLIAMS",Colusa,Cortina Indian Rancheria,,2020-09-16,"(39.021, -122.282)"
39.021,-122.282,PM2.5 - Local Conditions,24-HR BLK AVG,PM25 24-hour 2006,2020-09-09,Micrograms/cubic meter (LC),1,100.0,19.3,19.3,0,65.0,Met One BAM-1020 Mass Monitor w/VSCC - Beta Attenuation,"CORTINA INDIAN RANCHERIA, SPRING VALLEY RD, WILLIAMS",Colusa,Cortina Indian Rancheria,,2020-09-16,"(39.021, -122.282)"
39.021,-122.282,PM2.5 - Local Conditions,24-HR BLK AVG,PM25 Annual 2006,2020-09-09,Micrograms/cubic meter (LC),1,100.0,19.3,19.3,0,65.0,Met One BAM-1020 Mass Monitor w/VSCC - Beta Attenuation,"CORTINA INDIAN RANCHERIA, SPRING VALLEY RD, WILLIAMS",Colusa,Cortina Indian Rancheria,,2020-09-16,"(39.021, -122.282)"
39.021,-122.282,PM2.5 - Local Conditions,24-HR BLK AVG,PM25 24-hour 2012,2020-09-09,Micrograms/cubic meter (LC),1,100.0,19.3,19.3,0,65.0,Met One BAM-1020 Mass Monitor w/VSCC - Beta Attenuation,"CORTINA INDIAN RANCHERIA, SPRING VALLEY RD, WILLIAMS",Colusa,Cortina Indian Rancheria,,2020-09-16,"(39.021, -122.282)"
39.021,-122.282,PM2.5 - Local Conditions,24-HR BLK AVG,PM25 Annual 2012,2020-09-09,Micrograms/cubic meter (LC),1,100.0,19.3,19.3,0,65.0,Met One BAM-1020 Mass Monitor w/VSCC - Beta Attenuation,"CORTINA INDIAN RANCHERIA, SPRING VALLEY RD, WILLIAMS",Colusa,Cortina Indian Rancheria,,2020-09-16,"(39.021, -122.282)"
39.021,-122.282,PM2.5 - Local Conditions,1 HOUR,,2020-09-10,Micrograms/cubic meter (LC),23,100.0,65.304,115.0,16,,Met One BAM-1020 Mass Monitor w/VSCC - Beta Attenuation,"CORTINA INDIAN RANCHERIA, SPRING VALLEY RD, WILLIAMS",Colusa,Cortina Indian Rancheria,,2020-09-16,"(39.021, -122.282)"
39.021,-122.282,PM2.5 - Local Conditions,1 HOUR,,2020-09-10,Micrograms/cubic meter (LC),24,100.0,64.458,115.0,16,,Met One BAM-1020 Mass Monitor w/VSCC - Beta Attenuation,"CORTINA INDIAN RANCHERIA, SPRING VALLEY RD, WILLIAMS",Colusa,Cortina Indian Rancheria,,2020-09-16,"(39.021, -122.282)"
39.021,-122.282,PM2.5 - Local Conditions,1 HOUR,,2020-09-10,Micrograms/cubic meter (LC),24,100.0,64.458,115.0,16,,Met One BAM-1020 Mass Monitor w/VSCC - Beta Attenuation,"CORTINA INDIAN RANCHERIA, SPRING VALLEY RD, WILLIAMS",Colusa,Cortina Indian Rancheria,,2020-09-16,"(39.021, -122.282)"
39.021,-122.282,PM2.5 - Local Conditions,24-HR BLK AVG,PM25 24-hour 2006,2020-09-10,Micrograms/cubic meter (LC),1,100.0,65.3,65.3,0,156.0,Met One BAM-1020 Mass Monitor w/VSCC - Beta Attenuation,"CORTINA INDIAN RANCHERIA, SPRING VALLEY RD, WILLIAMS",Colusa,Cortina Indian Rancheria,,2020-09-16,"(39.021, -122.282)"
39.021,-122.282,PM2.5 - Local Conditions,24-HR BLK AVG,PM25 Annual 2006,2020-09-10,Micrograms/cubic meter (LC),1,100.0,65.3,65.3,0,156.0,Met One BAM-1020 Mass Monitor w/VSCC - Beta Attenuation,"CORTINA INDIAN RANCHERIA, SPRING VALLEY RD, WILLIAMS",Colusa,Cortina Indian Rancheria,,2020-09-16,"(39.021, -122.282)"
39.021,-122.282,PM2.5 - Local Conditions,24-HR BLK AVG,PM25 24-hour 2012,2020-09-10,Micrograms/cubic meter (LC),1,100.0,65.3,65.3,0,156.0,Met One BAM-1020 Mass Monitor w/VSCC - Beta Attenuation,"CORTINA INDIAN RANCHERIA, SPRING VALLEY RD, WILLIAMS",Colusa,Cortina Indian Rancheria,,2020-09-16,"(39.021, -122.282)"
39.021,-122.282,PM2.5 - Local Conditions,24-HR BLK AVG,PM25 Annual 2012,2020-09-10,Micrograms/cubic meter (LC),1,100.0,65.3,65.3,0,156.0,Met One BAM-1020 Mass Monitor w/VSCC - Beta Attenuation,"CORTINA INDIAN RANCHERIA, SPRING VALLEY RD, WILLIAMS",Colusa,Cortina Indian Rancheria,,2020-09-16,"(39.021, -122.282)"
39.021,-122.282,PM2.5 - Local Conditions,24-HR BLK AVG,PM25 24-hour 2006,2020-09-10,Micrograms/cubic meter (LC),1,100.0,64.4,64.4,0,156.0,Met One BAM-1020 Mass Monitor w/VSCC - Beta Attenuation,"CORTINA INDIAN RANCHERIA, SPRING VALLEY RD, WILLIAMS",Colusa,Cortina Indian Rancheria,,2020-09-16,"(39.021, -122.282)"
39.021,-122.282,PM2.5 - Local Conditions,24-HR BLK AVG,PM25 Annual 2006,2020-09-10,Micrograms/cubic meter (LC),1,100.0,64.4,64.4,0,156.0,Met One BAM-1020 Mass Monitor w/VSCC - Beta Attenuation,"CORTINA INDIAN RANCHERIA, SPRING VALLEY RD, WILLIAMS",Colusa,Cortina Indian Rancheria,,2020-09-16,"(39.021, -122.282)"
39.021,-122.282,PM2.5 - Local Conditions,24-HR BLK AVG,PM25 24-hour 2012,2020-09-10,Micrograms/cubic meter (LC),1,100.0,64.4,64.4,0,156.0,Met One BAM-1020 Mass Monitor w/VSCC - Beta Attenuation,"CORTINA INDIAN RANCHERIA, SPRING VALLEY RD, WILLIAMS",Colusa,Cortina Indian Rancheria,,2020-09-16,"(39.021, -122.282)"
39.021,-122.282,PM2.5 - Local Conditions,24-HR BLK AVG,PM25 Annual 2012,2020-09-10,Micrograms/cubic meter (LC),1,100.0,64.4,64.4,0,156.0,Met One BAM-1020 Mass Monitor w/VSCC - Beta Attenuation,"CORTINA INDIAN RANCHERIA, SPRING VALLEY RD, WILLIAMS",Colusa,Cortina Indian Rancheria,,2020-09-16,"(39.021, -122.282)"
39.021,-122.282,PM2.5 - Local Conditions,24-HR BLK AVG,PM25 24-hour 2006,2020-09-10,Micrograms/cubic meter (LC),1,100.0,65.3,65.3,0,156.0,Met One BAM-1020 Mass Monitor w/VSCC - Beta Attenuation,"CORTINA INDIAN RANCHERIA, SPRING VALLEY RD, WILLIAMS",Colusa,Cortina Indian Rancheria,,2020-09-16,"(39.021, -122.282)"
39.021,-122.282,PM2.5 - Local Conditions,24-HR BLK AVG,PM25 Annual 2006,2020-09-10,Micrograms/cubic meter (LC),1,100.0,65.3,65.3,0,156.0,Met One BAM-1020 Mass Monitor w/VSCC - Beta Attenuation,"CORTINA INDIAN RANCHERIA, SPRING VALLEY RD, WILLIAMS",Colusa,Cortina Indian Rancheria,,2020-09-16,"(39.021, -122.282)"
39.021,-122.282,PM2.5 - Local Conditions,24-HR BLK AVG,PM25 24-hour 2012,2020-09-10,Micrograms/cubic meter (LC),1,100.0,65.3,65.3,0,156.0,Met One BAM-1020 Mass Monitor w/VSCC - Beta Attenuation,"CORTINA INDIAN RANCHERIA, SPRING VALLEY RD, WILLIAMS",Colusa,Cortina Indian Rancheria,,2020-09-16,"(39.021, -122.282)"
39.021,-122.282,PM2.5 - Local Conditions,24-HR BLK AVG,PM25 Annual 2012,2020-09-10,Micrograms/cubic meter (LC),1,100.0,65.3,65.3,0,156.0,Met One BAM-1020 Mass Monitor w/VSCC - Beta Attenuation,"CORTINA INDIAN RANCHERIA, SPRING VALLEY RD, WILLIAMS",Colusa,Cortina Indian Rancheria,,2020-09-16,"(39.021, -122.282)"
39.021,-122.282,PM2.5 - Local Conditions,1 HOUR,,2020-09-11,Micrograms/cubic meter (LC),23,100.0,67.652,101.0,13,,Met One BAM-1020 Mass Monitor w/VSCC - Beta Attenuation,"CORTINA INDIAN RANCHERIA, SPRING VALLEY RD, WILLIAMS",Colusa,Cortina Indian Rancheria,,2020-09-16,"(39.021, -122.282)"
39.021,-122.282,PM2.5 - Local Conditions,1 HOUR,,2020-09-11,Micrograms/cubic meter (LC),24,100.0,66.042,101.0,13,,Met One BAM-1020 Mass Monitor w/VSCC - Beta Attenuation,"CORTINA INDIAN RANCHERIA, SPRING VALLEY RD, WILLIAMS",Colusa,Cortina Indian Rancheria,,2020-09-16,"(39.021, -122.282)"
39.021,-122.282,PM2.5 - Local Conditions,1 HOUR,,2020-09-11,Micrograms/cubic meter (LC),24,100.0,66.042,101.0,13,,Met One BAM-1020 Mass Monitor w/VSCC - Beta Attenuation,"CORTINA INDIAN RANCHERIA, SPRING VALLEY RD, WILLIAMS",Colusa,Cortina Indian Rancheria,,2020-09-16,"(39.021, -122.282)"
39.021,-122.282,PM2.5 - Local Conditions,24-HR BLK AVG,PM25 24-hour 2006,2020-09-11,Micrograms/cubic meter (LC),1,100.0,67.6,67.6,0,156.0,Met One BAM-1020 Mass Monitor w/VSCC - Beta Attenuation,"CORTINA INDIAN RANCHERIA, SPRING VALLEY RD, WILLIAMS",Colusa,Cortina Indian Rancheria,,2020-09-16,"(39.021, -122.282)"
39.021,-122.282,PM2.5 - Local Conditions,24-HR BLK AVG,PM25 Annual 2006,2020-09-11,Micrograms/cubic meter (LC),1,100.0,67.6,67.6,0,156.0,Met One BAM-1020 Mass Monitor w/VSCC - Beta Attenuation,"CORTINA INDIAN RANCHERIA, SPRING VALLEY RD, WILLIAMS",Colusa,Cortina Indian Rancheria,,2020-09-16,"(39.021, -122.282)"
39.021,-122.282,PM2.5 - Local Conditions,24-HR BLK AVG,PM25 24-hour 2012,2020-09-11,Micrograms/cubic meter (LC),1,100.0,67.6,67.6,0,156.0,Met One BAM-1020 Mass Monitor w/VSCC - Beta Attenuation,"CORTINA INDIAN RANCHERIA, SPRING VALLEY RD, WILLIAMS",Colusa,Cortina Indian Rancheria,,2020-09-16,"(39.021, -122.282)"
39.021,-122.282,PM2.5 - Local Conditions,24-HR BLK AVG,PM25 Annual 2012,2020-09-11,Micrograms/cubic meter (LC),1,100.0,67.6,67.6,0,156.0,Met One BAM-1020 Mass Monitor w/VSCC - Beta Attenuation,"CORTINA INDIAN RANCHERIA, SPRING VALLEY RD, WILLIAMS",Colusa,Cortina Indian Rancheria,,2020-09-16,"(39.021, -122.282)"
39.021,-122.282,PM2.5 - Local Conditions,24-HR BLK AVG,PM25 24-hour 2006,2020-09-11,Micrograms/cubic meter (LC),1,100.0,66.0,66.0,0,156.0,Met One BAM-1020 Mass Monitor w/VSCC - Beta Attenuation,"CORTINA INDIAN RANCHERIA, SPRING VALLEY RD, WILLIAMS",Colusa,Cortina Indian Rancheria,,2020-09-16,"(39.021, -122.282)"
39.021,-122.282,PM2.5 - Local Conditions,24-HR BLK AVG,PM25 Annual 2006,2020-09-11,Micrograms/cubic meter (LC),1,100.0,66.0,66.0,0,156.0,Met One BAM-1020 Mass Monitor w/VSCC - Beta Attenuation,"CORTINA INDIAN RANCHERIA, SPRING VALLEY RD, WILLIAMS",Colusa,Cortina Indian Rancheria,,2020-09-16,"(39.021, -122.282)"
39.021,-122.282,PM2.5 - Local Conditions,24-HR BLK AVG,PM25 24-hour 2012,2020-09-11,Micrograms/cubic meter (LC),1,100.0,66.0,66.0,0,156.0,Met One BAM-1020 Mass Monitor w/VSCC - Beta Attenuation,"CORTINA INDIAN RANCHERIA, SPRING VALLEY RD, WILLIAMS",Colusa,Cortina Indian Rancheria,,2020-09-16,"(39.021, -122.282)"
39.021,-122.282,PM2.5 - Local Conditions,24-HR BLK AVG,PM25 Annual 2012,2020-09-11,Micrograms/cubic meter (LC),1,100.0,66.0,66.0,0,156.0,Met One BAM-1020 Mass Monitor w/VSCC - Beta Attenuation,"CORTINA INDIAN RANCHERIA, SPRING VALLEY RD, WILLIAMS",Colusa,Cortina Indian Rancheria,,2020-09-16,"(39.021, -122.282)"
39.021,-122.282,PM2.5 - Local Conditions,24-HR BLK AVG,PM25 24-hour 2006,2020-09-11,Micrograms/cubic meter (LC),1,100.0,67.6,67.6,0,156.0,Met One BAM-1020 Mass Monitor w/VSCC - Beta Attenuation,"CORTINA INDIAN RANCHERIA, SPRING VALLEY RD, WILLIAMS",Colusa,Cortina Indian Rancheria,,2020-09-16,"(39.021, -122.282)"
39.021,-122.282,PM2.5 - Local Conditions,24-HR BLK AVG,PM25 Annual 2006,2020-09-11,Micrograms/cubic meter (LC),1,100.0,67.6,67.6,0,156.0,Met One BAM-1020 Mass Monitor w/VSCC - Beta Attenuation,"CORTINA INDIAN RANCHERIA, SPRING VALLEY RD, WILLIAMS",Colusa,Cortina Indian Rancheria,,2020-09-16,"(39.021, -122.282)"
39.021,-122.282,PM2.5 - Local Conditions,24-HR BLK AVG,PM25 24-hour 2012,2020-09-11,Micrograms/cubic meter (LC),1,100.0,67.6,67.6,0,156.0,Met One BAM-1020 Mass Monitor w/VSCC - Beta Attenuation,"CORTINA INDIAN RANCHERIA, SPRING VALLEY RD, WILLIAMS",Colusa,Cortina Indian Rancheria,,2020-09-16,"(39.021, -122.282)"
39.021,-122.282,PM2.5 - Local Conditions,24-HR BLK AVG,PM25 Annual 2012,2020-09-11,Micrograms/cubic meter (LC),1,100.0,67.6,67.6,0,156.0,Met One BAM-1020 Mass Monitor w/VSCC - Beta Attenuation,"CORTINA INDIAN RANCHERIA, SPRING VALLEY RD, WILLIAMS",Colusa,Cortina Indian Rancheria,,2020-09-16,"(39.021, -122.282)"
39.021,-122.282,PM2.5 - Local Conditions,1 HOUR,,2020-09-12,Micrograms/cubic meter (LC),23,100.0,104.0,217.0,12,,Met One BAM-1020 Mass Monitor w/VSCC - Beta Attenuation,"CORTINA INDIAN RANCHERIA, SPRING VALLEY RD, WILLIAMS",Colusa,Cortina Indian Rancheria,,2020-09-16,"(39.021, -122.282)"
39.021,-122.282,PM2.5 - Local Conditions,1 HOUR,,2020-09-12,Micrograms/cubic meter (LC),24,100.0,102.542,217.0,12,,Met One BAM-1020 Mass Monitor w/VSCC - Beta Attenuation,"CORTINA INDIAN RANCHERIA, SPRING VALLEY RD, WILLIAMS",Colusa,Cortina Indian Rancheria,,2020-09-16,"(39.021, -122.282)"
39.021,-122.282,PM2.5 - Local Conditions,1 HOUR,,2020-09-12,Micrograms/cubic meter (LC),24,100.0,102.542,217.0,12,,Met One BAM-1020 Mass Monitor w/VSCC - Beta Attenuation,"CORTINA INDIAN RANCHERIA, SPRING VALLEY RD, WILLIAMS",Colusa,Cortina Indian Rancheria,,2020-09-16,"(39.021, -122.282)"
39.021,-122.282,PM2.5 - Local Conditions,24-HR BLK AVG,PM25 24-hour 2006,2020-09-12,Micrograms/cubic meter (LC),1,100.0,104.0,104.0,0,175.0,Met One BAM-1020 Mass Monitor w/VSCC - Beta Attenuation,"CORTINA INDIAN RANCHERIA, SPRING VALLEY RD, WILLIAMS",Colusa,Cortina Indian Rancheria,,2020-09-16,"(39.021, -122.282)"
39.021,-122.282,PM2.5 - Local Conditions,24-HR BLK AVG,PM25 Annual 2006,2020-09-12,Micrograms/cubic meter (LC),1,100.0,104.0,104.0,0,175.0,Met One BAM-1020 Mass Monitor w/VSCC - Beta Attenuation,"CORTINA INDIAN RANCHERIA, SPRING VALLEY RD, WILLIAMS",Colusa,Cortina Indian Rancheria,,2020-09-16,"(39.021, -122.282)"
39.021,-122.282,PM2.5 - Local Conditions,24-HR BLK AVG,PM25 24-hour 2012,2020-09-12,Micrograms/cubic meter (LC),1,100.0,104.0,104.0,0,175.0,Met One BAM-1020 Mass Monitor w/VSCC - Beta Attenuation,"CORTINA INDIAN RANCHERIA, SPRING VALLEY RD, WILLIAMS",Colusa,Cortina Indian Rancheria,,2020-09-16,"(39.021, -122.282)"
39.021,-122.282,PM2.5 - Local Conditions,24-HR BLK AVG,PM25 Annual 2012,2020-09-12,Micrograms/cubic meter (LC),1,100.0,104.0,104.0,0,175.0,Met One BAM-1020 Mass Monitor w/VSCC - Beta Attenuation,"CORTINA INDIAN RANCHERIA, SPRING VALLEY RD, WILLIAMS",Colusa,Cortina Indian Rancheria,,2020-09-16,"(39.021, -122.282)"
39.021,-122.282,PM2.5 - Local Conditions,24-HR BLK AVG,PM25 24-hour 2006,2020-09-12,Micrograms/cubic meter (LC),1,100.0,102.5,102.5,0,175.0,Met One BAM-1020 Mass Monitor w/VSCC - Beta Attenuation,"CORTINA INDIAN RANCHERIA, SPRING VALLEY RD, WILLIAMS",Colusa,Cortina Indian Rancheria,,2020-09-16,"(39.021, -122.282)"
39.021,-122.282,PM2.5 - Local Conditions,24-HR BLK AVG,PM25 Annual 2006,2020-09-12,Micrograms/cubic meter (LC),1,100.0,102.5,102.5,0,175.0,Met One BAM-1020 Mass Monitor w/VSCC - Beta Attenuation,"CORTINA INDIAN RANCHERIA, SPRING VALLEY RD, WILLIAMS",Colusa,Cortina Indian Rancheria,,2020-09-16,"(39.021, -122.282)"
39.021,-122.282,PM2.5 - Local Conditions,24-HR BLK AVG,PM25 24-hour 2012,2020-09-12,Micrograms/cubic meter (LC),1,100.0,102.5,102.5,0,175.0,Met One BAM-1020 Mass Monitor w/VSCC - Beta Attenuation,"CORTINA INDIAN RANCHERIA, SPRING VALLEY RD, WILLIAMS",Colusa,Cortina Indian Rancheria,,2020-09-16,"(39.021, -122.282)"
39.021,-122.282,PM2.5 - Local Conditions,24-HR BLK AVG,PM25 Annual 2012,2020-09-12,Micrograms/cubic meter (LC),1,100.0,102.5,102.5,0,175.0,Met One BAM-1020 Mass Monitor w/VSCC - Beta Attenuation,"CORTINA INDIAN RANCHERIA, SPRING VALLEY RD, WILLIAMS",Colusa,Cortina Indian Rancheria,,2020-09-16,"(39.021, -122.282)"
39.021,-122.282,PM2.5 - Local Conditions,24-HR BLK AVG,PM25 24-hour 2006,2020-09-12,Micrograms/cubic meter (LC),1,100.0,104.0,104.0,0,175.0,Met One BAM-1020 Mass Monitor w/VSCC - Beta Attenuation,"CORTINA INDIAN RANCHERIA, SPRING VALLEY RD, WILLIAMS",Colusa,Cortina Indian Rancheria,,2020-09-16,"(39.021, -122.282)"
39.021,-122.282,PM2.5 - Local Conditions,24-HR BLK AVG,PM25 Annual 2006,2020-09-12,Micrograms/cubic meter (LC),1,100.0,104.0,104.0,0,175.0,Met One BAM-1020 Mass Monitor w/VSCC - Beta Attenuation,"CORTINA INDIAN RANCHERIA, SPRING VALLEY RD, WILLIAMS",Colusa,Cortina Indian Rancheria,,2020-09-16,"(39.021, -122.282)"
39.021,-122.282,PM2.5 - Local Conditions,24-HR BLK AVG,PM25 24-hour 2012,2020-09-12,Micrograms/cubic meter (LC),1,100.0,104.0,104.0,0,175.0,Met One BAM-1020 Mass Monitor w/VSCC - Beta Attenuation,"CORTINA INDIAN RANCHERIA, SPRING VALLEY RD, WILLIAMS",Colusa,Cortina Indian Rancheria,,2020-09-16,"(39.021, -122.282)"
39.021,-122.282,PM2.5 - Local Conditions,24-HR BLK AVG,PM25 Annual 2012,2020-09-12,Micrograms/cubic meter (LC),1,100.0,104.0,104.0,0,175.0,Met One BAM-1020 Mass Monitor w/VSCC - Beta Attenuation,"CORTINA INDIAN RANCHERIA, SPRING VALLEY RD, WILLIAMS",Colusa,Cortina Indian Rancheria,,2020-09-16,"(39.021, -122.282)"
39.021,-122.282,PM2.5 - Local Conditions,1 HOUR,,2020-09-13,Micrograms/cubic meter (LC),23,100.0,106.0,187.0,15,,Met One BAM-1020 Mass Monitor w/VSCC - Beta Attenuation,"CORTINA INDIAN RANCHERIA, SPRING VALLEY RD, WILLIAMS",Colusa,Cortina Indian Rancheria,,2020-09-16,"(39.021, -122.282)"
39.021,-122.282,PM2.5 - Local Conditions,1 HOUR,,2020-09-13,Micrograms/cubic meter (LC),24,100.0,104.375,187.0,15,,Met One BAM-1020 Mass Monitor w/VSCC - Beta Attenuation,"CORTINA INDIAN RANCHERIA, SPRING VALLEY RD, WILLIAMS",Colusa,Cortina Indian Rancheria,,2020-09-16,"(39.021, -122.282)"
39.021,-122.282,PM2.5 - Local Conditions,1 HOUR,,2020-09-13,Micrograms/cubic meter (LC),24,100.0,104.375,187.0,15,,Met One BAM-1020 Mass Monitor w/VSCC - Beta Attenuation,"CORTINA INDIAN RANCHERIA, SPRING VALLEY RD, WILLIAMS",Colusa,Cortina Indian Rancheria,,2020-09-16,"(39.021, -122.282)"
39.021,-122.282,PM2.5 - Local Conditions,24-HR BLK AVG,PM25 24-hour 2006,2020-09-13,Micrograms/cubic meter (LC),1,100.0,106.0,106.0,0,176.0,Met One BAM-1020 Mass Monitor w/VSCC - Beta Attenuation,"CORTINA INDIAN RANCHERIA, SPRING VALLEY RD, WILLIAMS",Colusa,Cortina Indian Rancheria,,2020-09-16,"(39.021, -122.282)"
39.021,-122.282,PM2.5 - Local Conditions,24-HR BLK AVG,PM25 Annual 2006,2020-09-13,Micrograms/cubic meter (LC),1,100.0,106.0,106.0,0,176.0,Met One BAM-1020 Mass Monitor w/VSCC - Beta Attenuation,"CORTINA INDIAN RANCHERIA, SPRING VALLEY RD, WILLIAMS",Colusa,Cortina Indian Rancheria,,2020-09-16,"(39.021, -122.282)"
39.021,-122.282,PM2.5 - Local Conditions,24-HR BLK AVG,PM25 24-hour 2012,2020-09-13,Micrograms/cubic meter (LC),1,100.0,106.0,106.0,0,176.0,Met One BAM-1020 Mass Monitor w/VSCC - Beta Attenuation,"CORTINA INDIAN RANCHERIA, SPRING VALLEY RD, WILLIAMS",Colusa,Cortina Indian Rancheria,,2020-09-16,"(39.021, -122.282)"
39.021,-122.282,PM2.5 - Local Conditions,24-HR BLK AVG,PM25 Annual 2012,2020-09-13,Micrograms/cubic meter (LC),1,100.0,106.0,106.0,0,176.0,Met One BAM-1020 Mass Monitor w/VSCC - Beta Attenuation,"CORTINA INDIAN RANCHERIA, SPRING VALLEY RD, WILLIAMS",Colusa,Cortina Indian Rancheria,,2020-09-16,"(39.021, -122.282)"
39.021,-122.282,PM2.5 - Local Conditions,24-HR BLK AVG,PM25 24-hour 2006,2020-09-13,Micrograms/cubic meter (LC),1,100.0,104.3,104.3,0,176.0,Met One BAM-1020 Mass Monitor w/VSCC - Beta Attenuation,"CORTINA INDIAN RANCHERIA, SPRING VALLEY RD, WILLIAMS",Colusa,Cortina Indian Rancheria,,2020-09-16,"(39.021, -122.282)"
39.021,-122.282,PM2.5 - Local Conditions,24-HR BLK AVG,PM25 Annual 2006,2020-09-13,Micrograms/cubic meter (LC),1,100.0,104.3,104.3,0,176.0,Met One BAM-1020 Mass Monitor w/VSCC - Beta Attenuation,"CORTINA INDIAN RANCHERIA, SPRING VALLEY RD, WILLIAMS",Colusa,Cortina Indian Rancheria,,2020-09-16,"(39.021, -122.282)"
39.021,-122.282,PM2.5 - Local Conditions,24-HR BLK AVG,PM25 24-hour 2012,2020-09-13,Micrograms/cubic meter (LC),1,100.0,104.3,104.3,0,176.0,Met One BAM-1020 Mass Monitor w/VSCC - Beta Attenuation,"CORTINA INDIAN RANCHERIA, SPRING VALLEY RD, WILLIAMS",Colusa,Cortina Indian Rancheria,,2020-09-16,"(39.021, -122.282)"
39.021,-122.282,PM2.5 - Local Conditions,24-HR BLK AVG,PM25 Annual 2012,2020-09-13,Micrograms/cubic meter (LC),1,100.0,104.3,104.3,0,176.0,Met One BAM-1020 Mass Monitor w/VSCC - Beta Attenuation,"CORTINA INDIAN RANCHERIA, SPRING VALLEY RD, WILLIAMS",Colusa,Cortina Indian Rancheria,,2020-09-16,"(39.021, -122.282)"
39.021,-122.282,PM2.5 - Local Conditions,24-HR BLK AVG,PM25 24-hour 2006,2020-09-13,Micrograms/cubic meter (LC),1,100.0,106.0,106.0,0,176.0,Met One BAM-1020 Mass Monitor w/VSCC - Beta Attenuation,"CORTINA INDIAN RANCHERIA, SPRING VALLEY RD, WILLIAMS",Colusa,Cortina Indian Rancheria,,2020-09-16,"(39.021, -122.282)"
39.021,-122.282,PM2.5 - Local Conditions,24-HR BLK AVG,PM25 Annual 2006,2020-09-13,Micrograms/cubic meter (LC),1,100.0,106.0,106.0,0,176.0,Met One BAM-1020 Mass Monitor w/VSCC - Beta Attenuation,"CORTINA INDIAN RANCHERIA, SPRING VALLEY RD, WILLIAMS",Colusa,Cortina Indian Rancheria,,2020-09-16,"(39.021, -122.282)"
39.021,-122.282,PM2.5 - Local Conditions,24-HR BLK AVG,PM25 24-hour 2012,2020-09-13,Micrograms/cubic meter (LC),1,100.0,106.0,106.0,0,176.0,Met One BAM-1020 Mass Monitor w/VSCC - Beta Attenuation,"CORTINA INDIAN RANCHERIA, SPRING VALLEY RD, WILLIAMS",Colusa,Cortina Indian Rancheria,,2020-09-16,"(39.021, -122.282)"
39.021,-122.282,PM2.5 - Local Conditions,24-HR BLK AVG,PM25 Annual 2012,2020-09-13,Micrograms/cubic meter (LC),1,100.0,106.0,106.0,0,176.0,Met One BAM-1020 Mass Monitor w/VSCC - Beta Attenuation,"CORTINA INDIAN RANCHERIA, SPRING VALLEY RD, WILLIAMS",Colusa,Cortina Indian Rancheria,,2020-09-16,"(39.021, -122.282)"
39.021,-122.282,PM2.5 - Local Conditions,1 HOUR,,2020-09-14,Micrograms/cubic meter (LC),23,100.0,83.174,127.0,12,,Met One BAM-1020 Mass Monitor w/VSCC - Beta Attenuation,"CORTINA INDIAN RANCHERIA, SPRING VALLEY RD, WILLIAMS",Colusa,Cortina Indian Rancheria,,2020-09-16,"(39.021, -122.282)"
39.021,-122.282,PM2.5 - Local Conditions,1 HOUR,,2020-09-14,Micrograms/cubic meter (LC),24,100.0,83.083,127.0,12,,Met One BAM-1020 Mass Monitor w/VSCC - Beta Attenuation,"CORTINA INDIAN RANCHERIA, SPRING VALLEY RD, WILLIAMS",Colusa,Cortina Indian Rancheria,,2020-09-16,"(39.021, -122.282)"
39.021,-122.282,PM2.5 - Local Conditions,1 HOUR,,2020-09-14,Micrograms/cubic meter (LC),24,100.0,83.083,127.0,12,,Met One BAM-1020 Mass Monitor w/VSCC - Beta Attenuation,"CORTINA INDIAN RANCHERIA, SPRING VALLEY RD, WILLIAMS",Colusa,Cortina Indian Rancheria,,2020-09-16,"(39.021, -122.282)"
39.021,-122.282,PM2.5 - Local Conditions,24-HR BLK AVG,PM25 24-hour 2006,2020-09-14,Micrograms/cubic meter (LC),1,100.0,83.1,83.1,0,165.0,Met One BAM-1020 Mass Monitor w/VSCC - Beta Attenuation,"CORTINA INDIAN RANCHERIA, SPRING VALLEY RD, WILLIAMS",Colusa,Cortina Indian Rancheria,,2020-09-16,"(39.021, -122.282)"
39.021,-122.282,PM2.5 - Local Conditions,24-HR BLK AVG,PM25 Annual 2006,2020-09-14,Micrograms/cubic meter (LC),1,100.0,83.1,83.1,0,165.0,Met One BAM-1020 Mass Monitor w/VSCC - Beta Attenuation,"CORTINA INDIAN RANCHERIA, SPRING VALLEY RD, WILLIAMS",Colusa,Cortina Indian Rancheria,,2020-09-16,"(39.021, -122.282)"
39.021,-122.282,PM2.5 - Local Conditions,24-HR BLK AVG,PM25 24-hour 2012,2020-09-14,Micrograms/cubic meter (LC),1,100.0,83.1,83.1,0,165.0,Met One BAM-1020 Mass Monitor w/VSCC - Beta Attenuation,"CORTINA INDIAN RANCHERIA, SPRING VALLEY RD, WILLIAMS",Colusa,Cortina Indian Rancheria,,2020-09-16,"(39.021, -122.282)"
39.021,-122.282,PM2.5 - Local Conditions,24-HR BLK AVG,PM25 Annual 2012,2020-09-14,Micrograms/cubic meter (LC),1,100.0,83.1,83.1,0,165.0,Met One BAM-1020 Mass Monitor w/VSCC - Beta Attenuation,"CORTINA INDIAN RANCHERIA, SPRING VALLEY RD, WILLIAMS",Colusa,Cortina Indian Rancheria,,2020-09-16,"(39.021, -122.282)"
39.021,-122.282,PM2.5 - Local Conditions,24-HR BLK AVG,PM25 24-hour 2006,2020-09-14,Micrograms/cubic meter (LC),1,100.0,83.0,83.0,0,165.0,Met One BAM-1020 Mass Monitor w/VSCC - Beta Attenuation,"CORTINA INDIAN RANCHERIA, SPRING VALLEY RD, WILLIAMS",Colusa,Cortina Indian Rancheria,,2020-09-16,"(39.021, -122.282)"
39.021,-122.282,PM2.5 - Local Conditions,24-HR BLK AVG,PM25 Annual 2006,2020-09-14,Micrograms/cubic meter (LC),1,100.0,83.0,83.0,0,165.0,Met One BAM-1020 Mass Monitor w/VSCC - Beta Attenuation,"CORTINA INDIAN RANCHERIA, SPRING VALLEY RD, WILLIAMS",Colusa,Cortina Indian Rancheria,,2020-09-16,"(39.021, -122.282)"
39.021,-122.282,PM2.5 - Local Conditions,24-HR BLK AVG,PM25 24-hour 2012,2020-09-14,Micrograms/cubic meter (LC),1,100.0,83.0,83.0,0,165.0,Met One BAM-1020 Mass Monitor w/VSCC - Beta Attenuation,"CORTINA INDIAN RANCHERIA, SPRING VALLEY RD, WILLIAMS",Colusa,Cortina Indian Rancheria,,2020-09-16,"(39.021, -122.282)"
39.021,-122.282,PM2.5 - Local Conditions,24-HR BLK AVG,PM25 Annual 2012,2020-09-14,Micrograms/cubic meter (LC),1,100.0,83.0,83.0,0,165.0,Met One BAM-1020 Mass Monitor w/VSCC - Beta Attenuation,"CORTINA INDIAN RANCHERIA, SPRING VALLEY RD, WILLIAMS",Colusa,Cortina Indian Rancheria,,2020-09-16,"(39.021, -122.282)"
39.021,-122.282,PM2.5 - Local Conditions,24-HR BLK AVG,PM25 24-hour 2006,2020-09-14,Micrograms/cubic meter (LC),1,100.0,83.1,83.1,0,165.0,Met One BAM-1020 Mass Monitor w/VSCC - Beta Attenuation,"CORTINA INDIAN RANCHERIA, SPRING VALLEY RD, WILLIAMS",Colusa,Cortina Indian Rancheria,,2020-09-16,"(39.021, -122.282)"
39.021,-122.282,PM2.5 - Local Conditions,24-HR BLK AVG,PM25 Annual 2006,2020-09-14,Micrograms/cubic meter (LC),1,100.0,83.1,83.1,0,165.0,Met One BAM-1020 Mass Monitor w/VSCC - Beta Attenuation,"CORTINA INDIAN RANCHERIA, SPRING VALLEY RD, WILLIAMS",Colusa,Cortina Indian Rancheria,,2020-09-16,"(39.021, -122.282)"
39.021,-122.282,PM2.5 - Local Conditions,24-HR BLK AVG,PM25 24-hour 2012,2020-09-14,Micrograms/cubic meter (LC),1,100.0,83.1,83.1,0,165.0,Met One BAM-1020 Mass Monitor w/VSCC - Beta Attenuation,"CORTINA INDIAN RANCHERIA, SPRING VALLEY RD, WILLIAMS",Colusa,Cortina Indian Rancheria,,2020-09-16,"(39.021, -122.282)"
39.021,-122.282,PM2.5 - Local Conditions,24-HR BLK AVG,PM25 Annual 2012,2020-09-14,Micrograms/cubic meter (LC),1,100.0,83.1,83.1,0,165.0,Met One BAM-1020 Mass Monitor w/VSCC - Beta Attenuation,"CORTINA INDIAN RANCHERIA, SPRING VALLEY RD, WILLIAMS",Colusa,Cortina Indian Rancheria,,2020-09-16,"(39.021, -122.282)"
39.021,-122.282,PM2.5 - Local Conditions,1 HOUR,,2020-09-15,Micrograms/cubic meter (LC),10,46.0,28.0,58.0,10,,Met One BAM-1020 Mass Monitor w/VSCC - Beta Attenuation,"CORTINA INDIAN RANCHERIA, SPRING VALLEY RD, WILLIAMS",Colusa,Cortina Indian Rancheria,,2020-09-16,"(39.021, -122.282)"
39.021,-122.282,PM2.5 - Local Conditions,1 HOUR,,2020-09-15,Micrograms/cubic meter (LC),11,46.0,26.909,58.0,10,,Met One BAM-1020 Mass Monitor w/VSCC - Beta Attenuation,"CORTINA INDIAN RANCHERIA, SPRING VALLEY RD, WILLIAMS",Colusa,Cortina Indian Rancheria,,2020-09-16,"(39.021, -122.282)"
39.021,-122.282,PM2.5 - Local Conditions,1 HOUR,,2020-09-15,Micrograms/cubic meter (LC),11,46.0,26.909,58.0,10,,Met One BAM-1020 Mass Monitor w/VSCC - Beta Attenuation,"CORTINA INDIAN RANCHERIA, SPRING VALLEY RD, WILLIAMS",Colusa,Cortina Indian Rancheria,,2020-09-16,"(39.021, -122.282)"
